Student ID, Name, GitHub Account
R15943061, Jui-Chun Ho, rayho0321
B12202009, Cheng-Yen Hsieh, charliehsjan08
B14901091, Yu-Chen Liu, William-Liu-314
B13901126, Long-Hin Ho, holonghin
B11901064, Yung-Hsiang Yang, ooyang0325
B11901079, Ying-Chi Wu, elvis517
B11901098, Yuan-Lung Hsieh, hsieh22
B11901148,,
B12502134,,
B12901004, Kang-Shuo Li, Shuo701
B12901020, Jia-Heng Han, Garliction
B12901021, Hsu-Ting Chiu, hsutingchiu
B12901079,,
B12901175,,
B12901189, Xi-Jie Hou, owen-24
T15902128, Tan Yu Min, notyumin
A15921201, Mateo Lambert, mateo-lambert
R15921041, Wei-Hung Chan, EricChan0519
R15921045, Wei-Lin Chen, No-one-Here1111
R15921053,,
R15921058, Yu-Cing Lin, yucinglin
R15921063,,
R15921066, Wei-Lung Lin, WeiLung92
R15921067, Hsin-Wei Chen, willchen210
R15921090, Tse-Chuan Yang, Aqusia
R15921092, Meng-Chieh Chen, jamie-meng
R15921096, Yu-An Chao, Alina46100
R14921007, Jhe-Cyuan Lee, lee355049-code
R14921087, Ting-Sheng Chen, Jason5789
R14921103,,
R15921A13, Peng-Yi Lin, evan666682
R15922116,,
R14922081, Wen-Hong Huang, HwH-Deadliner
R13922A13,,
R15942145, WANG YU-CHENG, ryan930704
R14943186,Meng-Ju Yang, maxyang0624
R15943007,,
R15943022,,
R15943059, Pin-Syuan Lin, Henry071-ee
R15943060, Yu-Chia Kuo, Cedric-Kuo-0712
R15943064, Jia-Lin Fang, GaPFang
R15943065, Guan-Rong Chu, 4960fh7
R15943067, Kuan-Yu Fang Chiang, casey1023
R15943069, Hong-Ruei Jhang, henry1122
R15943070, Ting-Yu Lin, linryan54321
R15943071, Yen-Chu Lo, YenchuLo
R15943076, Yun-Han Liang, hansliang-lyh
R15943078, Chi-Wei Wu, michrxs227
R15943080, Wei-Jie Wang, Jason41730
R15943081, Ting-Shuo Chang, Timmyouo
R15943082, Yun-Chung Lai, edwinlai2058
R15943083,Tzu-En Chiu,zachary7777
R15943122, Chia-Wei Lu, cwlu0211
R15943142, Yan-Cheng Li, DJ-Melvin
R15943143, Sheng-Kai Hsu, TigerXSK
R15943146, Yu-Hsiang Chan, daniel991506
R15943151, Zi-Xian Tang, midnightsun6
R15943178, Shuo-Heng Sun, shsunn
R14943015,,
R14943141, Li-Zhe Liu, LI-ZHE-LIU
R14943151, YD Wu, yiidtw
R15945014,,
R15945021, Hsiao Ruei Hsuan, hsuanhsiao
D14948002, Guan-Yu Chen, grantyuc
R13B42009, Tao-Yun Chen, Tao-Yun-Chen
R14K41035, Cornelia Adristi, corneliaAdristi
R14K41044, 黃思維, swear01
R15K41021, EN-SHENG TENG, Samuel20040521
B13901075, Huan-Yu Chen, wcmTeemo
B11611010,,
R15921A17, Wei-Chen Lo, hyyrin
